row_type,model,seed,train_mechanism,eval_mechanism,temperature,calibration_mode,mechanism_prior_strength,mechanism_prior_policy,mechanism_prior_selection_metric,mechanism_prior_selection_score,calibration_bias,background_objects,total_objects_n,samples,branch_accuracy,majority_accuracy,mse,target_mse,nll,brier,ece,selected_k_mean,causal_recall_mean,dense_compute_ratio,route_regret_mean,route_regret_negative_ratio,route_regret_loss_weight,global_delta_loss_weight,target_local_delta_loss_weight,route_regret_compute_cost,route_regret_threshold,route_regret_threshold_policy,route_regret_selection_metric,route_regret_selection_score,seed_count
seed,wpu-cws-indexed-mechanism-relation,11,nominal+high_force+edge_shift+catch_heavy+no_catch,nominal,1.0,none,0.0,none,,,0.000000;0.000000;0.000000,1024,1029,40,0.525,0.475,0.090557,0.249324,0.93731,0.576809,0.147782,4.35,1.0,0.0,0.0,0.0,0.0,0.1,0.0,0.05,0.0,fixed,,,1
seed,wpu-cws-indexed-mechanism-relation,11,nominal+high_force+edge_shift+catch_heavy+no_catch,high_force,1.0,none,0.0,none,,,0.000000;0.000000;0.000000,1024,1029,40,0.725,0.425,0.171893,0.584259,0.850264,0.50059,0.268344,4.35,1.0,0.0,0.0,0.0,0.0,0.1,0.0,0.05,0.0,fixed,,,1
seed,wpu-cws-indexed-mechanism-relation,11,nominal+high_force+edge_shift+catch_heavy+no_catch,edge_shift,1.0,none,0.0,none,,,0.000000;0.000000;0.000000,1024,1029,40,0.475,0.55,0.147397,0.521082,0.912339,0.555855,0.174542,4.35,1.0,0.0,0.0,0.0,0.0,0.1,0.0,0.05,0.0,fixed,,,1
seed,wpu-cws-indexed-mechanism-relation,11,nominal+high_force+edge_shift+catch_heavy+no_catch,catch_heavy,1.0,none,0.0,none,,,0.000000;0.000000;0.000000,1024,1029,40,0.875,0.8,0.122104,0.382024,0.71793,0.406997,0.346982,4.825,1.0,0.0,0.0,0.0,0.0,0.1,0.0,0.05,0.0,fixed,,,1
seed,wpu-cws-indexed-mechanism-relation,11,nominal+high_force+edge_shift+catch_heavy+no_catch,no_catch,1.0,none,0.0,none,,,0.000000;0.000000;0.000000,1024,1029,40,0.325,0.675,0.095791,0.233002,1.03964,0.657361,0.240031,4.025,1.0,0.0,0.0,0.0,0.0,0.1,0.0,0.05,0.0,fixed,,,1
seed,wpu-cws-indexed-mechanism-relation,11,nominal+high_force+edge_shift+catch_heavy+no_catch,edge_high_force,1.0,none,0.0,none,,,0.000000;0.000000;0.000000,1024,1029,40,0.675,0.6,0.298404,1.193571,0.770713,0.433155,0.278539,4.35,1.0,0.0,0.0,0.0,0.0,0.1,0.0,0.05,0.0,fixed,,,1
seed,wpu-cws-indexed-mechanism-relation,11,nominal+high_force+edge_shift+catch_heavy+no_catch,edge_catch_heavy,1.0,none,0.0,none,,,0.000000;0.000000;0.000000,1024,1029,40,0.4,0.575,0.132179,0.450233,0.959562,0.598991,0.140077,4.825,1.0,0.0,0.0,0.0,0.0,0.1,0.0,0.05,0.0,fixed,,,1
seed,wpu-cws-indexed-mechanism-relation,13,nominal+high_force+edge_shift+catch_heavy+no_catch,nominal,1.0,none,0.0,none,,,0.000000;0.000000;0.000000,1024,1029,40,0.875,0.45,0.091058,0.257104,0.862075,0.512291,0.446098,4.4,1.0,0.0,0.0,0.0,0.0,0.1,0.0,0.05,0.0,fixed,,,1
seed,wpu-cws-indexed-mechanism-relation,13,nominal+high_force+edge_shift+catch_heavy+no_catch,high_force,1.0,none,0.0,none,,,0.000000;0.000000;0.000000,1024,1029,40,0.725,0.375,0.171458,0.640884,0.929552,0.556378,0.312613,4.4,1.0,0.0,0.0,0.0,0.0,0.1,0.0,0.05,0.0,fixed,,,1
seed,wpu-cws-indexed-mechanism-relation,13,nominal+high_force+edge_shift+catch_heavy+no_catch,edge_shift,1.0,none,0.0,none,,,0.000000;0.000000;0.000000,1024,1029,40,0.625,0.6,0.165421,0.608957,0.937938,0.566524,0.340119,4.4,1.0,0.0,0.0,0.0,0.0,0.1,0.0,0.05,0.0,fixed,,,1
seed,wpu-cws-indexed-mechanism-relation,13,nominal+high_force+edge_shift+catch_heavy+no_catch,catch_heavy,1.0,none,0.0,none,,,0.000000;0.000000;0.000000,1024,1029,40,0.925,0.8,0.083349,0.217535,0.863459,0.504713,0.498367,4.825,1.0,0.0,0.0,0.0,0.0,0.1,0.0,0.05,0.0,fixed,,,1
seed,wpu-cws-indexed-mechanism-relation,13,nominal+high_force+edge_shift+catch_heavy+no_catch,no_catch,1.0,none,0.0,none,,,0.000000;0.000000;0.000000,1024,1029,40,0.75,0.7,0.130183,0.368432,0.869105,0.524138,0.316659,4.025,1.0,0.0,0.0,0.0,0.0,0.1,0.0,0.05,0.0,fixed,,,1
seed,wpu-cws-indexed-mechanism-relation,13,nominal+high_force+edge_shift+catch_heavy+no_catch,edge_high_force,1.0,none,0.0,none,,,0.000000;0.000000;0.000000,1024,1029,40,0.625,0.55,0.337899,1.412573,0.957809,0.574081,0.34855,4.4,1.0,0.0,0.0,0.0,0.0,0.1,0.0,0.05,0.0,fixed,,,1
seed,wpu-cws-indexed-mechanism-relation,13,nominal+high_force+edge_shift+catch_heavy+no_catch,edge_catch_heavy,1.0,none,0.0,none,,,0.000000;0.000000;0.000000,1024,1029,40,0.425,0.6,0.110609,0.353346,1.030687,0.624499,0.196675,4.825,1.0,0.0,0.0,0.0,0.0,0.1,0.0,0.05,0.0,fixed,,,1
seed,wpu-cws-indexed-mechanism-relation,17,nominal+high_force+edge_shift+catch_heavy+no_catch,nominal,1.0,none,0.0,none,,,0.000000;0.000000;0.000000,1024,1029,40,0.7,0.45,0.1216,0.322175,0.681278,0.384811,0.173422,4.35,1.0,0.0,0.0,0.0,0.0,0.1,0.0,0.05,0.0,fixed,,,1
seed,wpu-cws-indexed-mechanism-relation,17,nominal+high_force+edge_shift+catch_heavy+no_catch,high_force,1.0,none,0.0,none,,,0.000000;0.000000;0.000000,1024,1029,40,0.7,0.4,0.25944,0.880515,0.715418,0.400431,0.208662,4.35,1.0,0.0,0.0,0.0,0.0,0.1,0.0,0.05,0.0,fixed,,,1
seed,wpu-cws-indexed-mechanism-relation,17,nominal+high_force+edge_shift+catch_heavy+no_catch,edge_shift,1.0,none,0.0,none,,,0.000000;0.000000;0.000000,1024,1029,40,0.65,0.525,0.223555,0.776323,0.955457,0.575037,0.25868,4.35,1.0,0.0,0.0,0.0,0.0,0.1,0.0,0.05,0.0,fixed,,,1
seed,wpu-cws-indexed-mechanism-relation,17,nominal+high_force+edge_shift+catch_heavy+no_catch,catch_heavy,1.0,none,0.0,none,,,0.000000;0.000000;0.000000,1024,1029,40,0.9,0.75,0.163825,0.513027,0.454948,0.219281,0.21139,4.8,1.0,0.0,0.0,0.0,0.0,0.1,0.0,0.05,0.0,fixed,,,1
seed,wpu-cws-indexed-mechanism-relation,17,nominal+high_force+edge_shift+catch_heavy+no_catch,no_catch,1.0,none,0.0,none,,,0.000000;0.000000;0.000000,1024,1029,40,0.525,0.675,0.128006,0.286407,0.904158,0.548481,0.165073,4.025,1.0,0.0,0.0,0.0,0.0,0.1,0.0,0.05,0.0,fixed,,,1
seed,wpu-cws-indexed-mechanism-relation,17,nominal+high_force+edge_shift+catch_heavy+no_catch,edge_high_force,1.0,none,0.0,none,,,0.000000;0.000000;0.000000,1024,1029,40,0.675,0.6,0.413695,1.57236,0.897603,0.506185,0.167069,4.35,1.0,0.0,0.0,0.0,0.0,0.1,0.0,0.05,0.0,fixed,,,1
seed,wpu-cws-indexed-mechanism-relation,17,nominal+high_force+edge_shift+catch_heavy+no_catch,edge_catch_heavy,1.0,none,0.0,none,,,0.000000;0.000000;0.000000,1024,1029,40,0.425,0.575,0.183466,0.635779,1.282691,0.813594,0.377161,4.8,1.0,0.0,0.0,0.0,0.0,0.1,0.0,0.05,0.0,fixed,,,1
seed,wpu-cws-indexed-mechanism-relation,19,nominal+high_force+edge_shift+catch_heavy+no_catch,nominal,1.0,none,0.0,none,,,0.000000;0.000000;0.000000,1024,1029,40,0.55,0.45,0.272635,0.728381,0.732762,0.474778,0.237092,4.35,1.0,0.0,0.0,0.0,0.0,0.1,0.0,0.05,0.0,fixed,,,1
seed,wpu-cws-indexed-mechanism-relation,19,nominal+high_force+edge_shift+catch_heavy+no_catch,high_force,1.0,none,0.0,none,,,0.000000;0.000000;0.000000,1024,1029,40,0.725,0.425,0.413112,1.377781,0.699037,0.424529,0.111976,4.35,1.0,0.0,0.0,0.0,0.0,0.1,0.0,0.05,0.0,fixed,,,1
seed,wpu-cws-indexed-mechanism-relation,19,nominal+high_force+edge_shift+catch_heavy+no_catch,edge_shift,1.0,none,0.0,none,,,0.000000;0.000000;0.000000,1024,1029,40,0.5,0.5,0.408154,1.34253,0.857055,0.557258,0.161993,4.35,1.0,0.0,0.0,0.0,0.0,0.1,0.0,0.05,0.0,fixed,,,1
seed,wpu-cws-indexed-mechanism-relation,19,nominal+high_force+edge_shift+catch_heavy+no_catch,catch_heavy,1.0,none,0.0,none,,,0.000000;0.000000;0.000000,1024,1029,40,0.85,0.75,0.272431,0.75631,0.481355,0.251827,0.153542,4.8,1.0,0.0,0.0,0.0,0.0,0.1,0.0,0.05,0.0,fixed,,,1
seed,wpu-cws-indexed-mechanism-relation,19,nominal+high_force+edge_shift+catch_heavy+no_catch,no_catch,1.0,none,0.0,none,,,0.000000;0.000000;0.000000,1024,1029,40,0.325,0.675,0.326292,0.836186,0.937119,0.655396,0.331806,4.025,1.0,0.0,0.0,0.0,0.0,0.1,0.0,0.05,0.0,fixed,,,1
seed,wpu-cws-indexed-mechanism-relation,19,nominal+high_force+edge_shift+catch_heavy+no_catch,edge_high_force,1.0,none,0.0,none,,,0.000000;0.000000;0.000000,1024,1029,40,0.675,0.6,0.586297,2.160641,0.734961,0.432573,0.198712,4.35,1.0,0.0,0.0,0.0,0.0,0.1,0.0,0.05,0.0,fixed,,,1
seed,wpu-cws-indexed-mechanism-relation,19,nominal+high_force+edge_shift+catch_heavy+no_catch,edge_catch_heavy,1.0,none,0.0,none,,,0.000000;0.000000;0.000000,1024,1029,40,0.425,0.525,0.296482,0.930382,1.089064,0.705716,0.264843,4.8,1.0,0.0,0.0,0.0,0.0,0.1,0.0,0.05,0.0,fixed,,,1
seed,wpu-cws-indexed-mechanism-relation,23,nominal+high_force+edge_shift+catch_heavy+no_catch,nominal,1.0,none,0.0,none,,,0.000000;0.000000;0.000000,1024,1029,40,0.725,0.45,0.101461,0.27879,0.902606,0.538192,0.331881,4.325,1.0,0.0,0.0,0.0,0.0,0.1,0.0,0.05,0.0,fixed,,,1
seed,wpu-cws-indexed-mechanism-relation,23,nominal+high_force+edge_shift+catch_heavy+no_catch,high_force,1.0,none,0.0,none,,,0.000000;0.000000;0.000000,1024,1029,40,0.75,0.45,0.197187,0.629961,0.835159,0.480826,0.406051,4.325,1.0,0.0,0.0,0.0,0.0,0.1,0.0,0.05,0.0,fixed,,,1
seed,wpu-cws-indexed-mechanism-relation,23,nominal+high_force+edge_shift+catch_heavy+no_catch,edge_shift,1.0,none,0.0,none,,,0.000000;0.000000;0.000000,1024,1029,40,0.725,0.475,0.17837,0.614773,0.73924,0.425133,0.202655,4.325,1.0,0.0,0.0,0.0,0.0,0.1,0.0,0.05,0.0,fixed,,,1
seed,wpu-cws-indexed-mechanism-relation,23,nominal+high_force+edge_shift+catch_heavy+no_catch,catch_heavy,1.0,none,0.0,none,,,0.000000;0.000000;0.000000,1024,1029,40,0.9,0.725,0.129828,0.354149,0.783501,0.468638,0.438125,4.775,1.0,0.0,0.0,0.0,0.0,0.1,0.0,0.05,0.0,fixed,,,1
seed,wpu-cws-indexed-mechanism-relation,23,nominal+high_force+edge_shift+catch_heavy+no_catch,no_catch,1.0,none,0.0,none,,,0.000000;0.000000;0.000000,1024,1029,40,0.525,0.7,0.091833,0.24308,1.010488,0.606528,0.228713,4.025,1.0,0.0,0.0,0.0,0.0,0.1,0.0,0.05,0.0,fixed,,,1
seed,wpu-cws-indexed-mechanism-relation,23,nominal+high_force+edge_shift+catch_heavy+no_catch,edge_high_force,1.0,none,0.0,none,,,0.000000;0.000000;0.000000,1024,1029,40,0.675,0.625,0.298624,1.078072,0.683439,0.370448,0.254439,4.325,1.0,0.0,0.0,0.0,0.0,0.1,0.0,0.05,0.0,fixed,,,1
seed,wpu-cws-indexed-mechanism-relation,23,nominal+high_force+edge_shift+catch_heavy+no_catch,edge_catch_heavy,1.0,none,0.0,none,,,0.000000;0.000000;0.000000,1024,1029,40,0.5,0.5,0.157963,0.497124,0.864942,0.524989,0.068022,4.775,1.0,0.0,0.0,0.0,0.0,0.1,0.0,0.05,0.0,fixed,,,1
seed,graph-transformer,11,nominal+high_force+edge_shift+catch_heavy+no_catch,nominal,1.0,none,0.0,none,,,0.000000;0.000000;0.000000,1024,1029,40,0.525,0.475,0.19031,0.325809,0.866102,0.518417,0.21016,4.35,1.0,1.0,0.0,0.0,0.0,0.1,0.0,0.05,0.0,fixed,,,1
seed,graph-transformer,11,nominal+high_force+edge_shift+catch_heavy+no_catch,high_force,1.0,none,0.0,none,,,0.000000;0.000000;0.000000,1024,1029,40,0.675,0.425,0.158505,0.711645,0.799403,0.467254,0.210746,4.35,1.0,1.0,0.0,0.0,0.0,0.1,0.0,0.05,0.0,fixed,,,1
seed,graph-transformer,11,nominal+high_force+edge_shift+catch_heavy+no_catch,edge_shift,1.0,none,0.0,none,,,0.000000;0.000000;0.000000,1024,1029,40,0.4,0.55,0.190645,0.670064,0.96882,0.62059,0.223229,4.35,1.0,1.0,0.0,0.0,0.0,0.1,0.0,0.05,0.0,fixed,,,1
seed,graph-transformer,11,nominal+high_force+edge_shift+catch_heavy+no_catch,catch_heavy,1.0,none,0.0,none,,,0.000000;0.000000;0.000000,1024,1029,40,0.875,0.8,0.234554,0.233199,0.497604,0.255087,0.274324,4.825,1.0,1.0,0.0,0.0,0.0,0.1,0.0,0.05,0.0,fixed,,,1
seed,graph-transformer,11,nominal+high_force+edge_shift+catch_heavy+no_catch,no_catch,1.0,none,0.0,none,,,0.000000;0.000000;0.000000,1024,1029,40,0.325,0.675,0.155449,0.452671,1.086537,0.680903,0.311454,4.025,1.0,1.0,0.0,0.0,0.0,0.1,0.0,0.05,0.0,fixed,,,1
seed,graph-transformer,11,nominal+high_force+edge_shift+catch_heavy+no_catch,edge_high_force,1.0,none,0.0,none,,,0.000000;0.000000;0.000000,1024,1029,40,0.675,0.6,0.159203,1.417897,0.695742,0.398825,0.175936,4.35,1.0,1.0,0.0,0.0,0.0,0.1,0.0,0.05,0.0,fixed,,,1
seed,graph-transformer,11,nominal+high_force+edge_shift+catch_heavy+no_catch,edge_catch_heavy,1.0,none,0.0,none,,,0.000000;0.000000;0.000000,1024,1029,40,0.4,0.575,0.234665,0.351197,1.050398,0.708016,0.285284,4.825,1.0,1.0,0.0,0.0,0.0,0.1,0.0,0.05,0.0,fixed,,,1
seed,graph-transformer,13,nominal+high_force+edge_shift+catch_heavy+no_catch,nominal,1.0,none,0.0,none,,,0.000000;0.000000;0.000000,1024,1029,40,0.825,0.45,0.126613,0.14584,0.930642,0.549103,0.418894,4.4,1.0,1.0,0.0,0.0,0.0,0.1,0.0,0.05,0.0,fixed,,,1
seed,graph-transformer,13,nominal+high_force+edge_shift+catch_heavy+no_catch,high_force,1.0,none,0.0,none,,,0.000000;0.000000;0.000000,1024,1029,40,0.5,0.375,0.111456,0.675225,1.03584,0.624575,0.132868,4.4,1.0,1.0,0.0,0.0,0.0,0.1,0.0,0.05,0.0,fixed,,,1
seed,graph-transformer,13,nominal+high_force+edge_shift+catch_heavy+no_catch,edge_shift,1.0,none,0.0,none,,,0.000000;0.000000;0.000000,1024,1029,40,0.55,0.6,0.12701,0.541592,0.993862,0.594141,0.143904,4.4,1.0,1.0,0.0,0.0,0.0,0.1,0.0,0.05,0.0,fixed,,,1
seed,graph-transformer,13,nominal+high_force+edge_shift+catch_heavy+no_catch,catch_heavy,1.0,none,0.0,none,,,0.000000;0.000000;0.000000,1024,1029,40,0.7,0.8,0.107072,0.107728,1.029768,0.61983,0.332151,4.825,1.0,1.0,0.0,0.0,0.0,0.1,0.0,0.05,0.0,fixed,,,1
seed,graph-transformer,13,nominal+high_force+edge_shift+catch_heavy+no_catch,no_catch,1.0,none,0.0,none,,,0.000000;0.000000;0.000000,1024,1029,40,0.775,0.7,0.137537,0.275903,0.887968,0.518886,0.35001,4.025,1.0,1.0,0.0,0.0,0.0,0.1,0.0,0.05,0.0,fixed,,,1
seed,graph-transformer,13,nominal+high_force+edge_shift+catch_heavy+no_catch,edge_high_force,1.0,none,0.0,none,,,0.000000;0.000000;0.000000,1024,1029,40,0.125,0.55,0.112322,1.545986,1.108544,0.672413,0.299359,4.4,1.0,1.0,0.0,0.0,0.0,0.1,0.0,0.05,0.0,fixed,,,1
seed,graph-transformer,13,nominal+high_force+edge_shift+catch_heavy+no_catch,edge_catch_heavy,1.0,none,0.0,none,,,0.000000;0.000000;0.000000,1024,1029,40,0.45,0.6,0.107234,0.271003,1.074336,0.649626,0.082153,4.825,1.0,1.0,0.0,0.0,0.0,0.1,0.0,0.05,0.0,fixed,,,1
seed,graph-transformer,17,nominal+high_force+edge_shift+catch_heavy+no_catch,nominal,1.0,none,0.0,none,,,0.000000;0.000000;0.000000,1024,1029,40,0.55,0.45,0.141323,0.166296,0.753872,0.506204,0.3158,4.35,1.0,1.0,0.0,0.0,0.0,0.1,0.0,0.05,0.0,fixed,,,1
seed,graph-transformer,17,nominal+high_force+edge_shift+catch_heavy+no_catch,high_force,1.0,none,0.0,none,,,0.000000;0.000000;0.000000,1024,1029,40,0.7,0.4,0.144217,0.783905,0.656189,0.417154,0.142894,4.35,1.0,1.0,0.0,0.0,0.0,0.1,0.0,0.05,0.0,fixed,,,1
seed,graph-transformer,17,nominal+high_force+edge_shift+catch_heavy+no_catch,edge_shift,1.0,none,0.0,none,,,0.000000;0.000000;0.000000,1024,1029,40,0.475,0.525,0.141831,0.686305,1.021921,0.674955,0.343577,4.35,1.0,1.0,0.0,0.0,0.0,0.1,0.0,0.05,0.0,fixed,,,1
seed,graph-transformer,17,nominal+high_force+edge_shift+catch_heavy+no_catch,catch_heavy,1.0,none,0.0,none,,,0.000000;0.000000;0.000000,1024,1029,40,0.85,0.75,0.220887,0.176685,0.415175,0.222785,0.127092,4.8,1.0,1.0,0.0,0.0,0.0,0.1,0.0,0.05,0.0,fixed,,,1
seed,graph-transformer,17,nominal+high_force+edge_shift+catch_heavy+no_catch,no_catch,1.0,none,0.0,none,,,0.000000;0.000000;0.000000,1024,1029,40,0.325,0.675,0.083484,0.260483,1.051749,0.749489,0.398041,4.025,1.0,1.0,0.0,0.0,0.0,0.1,0.0,0.05,0.0,fixed,,,1
seed,graph-transformer,17,nominal+high_force+edge_shift+catch_heavy+no_catch,edge_high_force,1.0,none,0.0,none,,,0.000000;0.000000;0.000000,1024,1029,40,0.675,0.6,0.144945,1.533692,0.819643,0.502444,0.132107,4.35,1.0,1.0,0.0,0.0,0.0,0.1,0.0,0.05,0.0,fixed,,,1
seed,graph-transformer,17,nominal+high_force+edge_shift+catch_heavy+no_catch,edge_catch_heavy,1.0,none,0.0,none,,,0.000000;0.000000;0.000000,1024,1029,40,0.375,0.575,0.221082,0.377298,1.420848,0.923282,0.461557,4.8,1.0,1.0,0.0,0.0,0.0,0.1,0.0,0.05,0.0,fixed,,,1
seed,graph-transformer,19,nominal+high_force+edge_shift+catch_heavy+no_catch,nominal,1.0,none,0.0,none,,,0.000000;0.000000;0.000000,1024,1029,40,0.7,0.45,0.106067,0.189541,0.832291,0.495214,0.349631,4.35,1.0,1.0,0.0,0.0,0.0,0.1,0.0,0.05,0.0,fixed,,,1
seed,graph-transformer,19,nominal+high_force+edge_shift+catch_heavy+no_catch,high_force,1.0,none,0.0,none,,,0.000000;0.000000;0.000000,1024,1029,40,0.825,0.425,0.104522,0.765166,0.772473,0.442345,0.317123,4.35,1.0,1.0,0.0,0.0,0.0,0.1,0.0,0.05,0.0,fixed,,,1
seed,graph-transformer,19,nominal+high_force+edge_shift+catch_heavy+no_catch,edge_shift,1.0,none,0.0,none,,,0.000000;0.000000;0.000000,1024,1029,40,0.625,0.5,0.10655,0.676737,0.942995,0.561732,0.174666,4.35,1.0,1.0,0.0,0.0,0.0,0.1,0.0,0.05,0.0,fixed,,,1
seed,graph-transformer,19,nominal+high_force+edge_shift+catch_heavy+no_catch,catch_heavy,1.0,none,0.0,none,,,0.000000;0.000000;0.000000,1024,1029,40,0.55,0.75,0.10595,0.181424,0.933551,0.555081,0.345476,4.8,1.0,1.0,0.0,0.0,0.0,0.1,0.0,0.05,0.0,fixed,,,1
seed,graph-transformer,19,nominal+high_force+edge_shift+catch_heavy+no_catch,no_catch,1.0,none,0.0,none,,,0.000000;0.000000;0.000000,1024,1029,40,0.725,0.675,0.105703,0.267404,0.782817,0.467091,0.266694,4.025,1.0,1.0,0.0,0.0,0.0,0.1,0.0,0.05,0.0,fixed,,,1
seed,graph-transformer,19,nominal+high_force+edge_shift+catch_heavy+no_catch,edge_high_force,1.0,none,0.0,none,,,0.000000;0.000000;0.000000,1024,1029,40,0.675,0.6,0.105129,1.387122,0.968366,0.557528,0.186656,4.35,1.0,1.0,0.0,0.0,0.0,0.1,0.0,0.05,0.0,fixed,,,1
seed,graph-transformer,19,nominal+high_force+edge_shift+catch_heavy+no_catch,edge_catch_heavy,1.0,none,0.0,none,,,0.000000;0.000000;0.000000,1024,1029,40,0.425,0.525,0.106137,0.363674,1.106679,0.663632,0.09624,4.8,1.0,1.0,0.0,0.0,0.0,0.1,0.0,0.05,0.0,fixed,,,1
seed,graph-transformer,23,nominal+high_force+edge_shift+catch_heavy+no_catch,nominal,1.0,none,0.0,none,,,0.000000;0.000000;0.000000,1024,1029,40,0.575,0.45,0.168385,0.342898,0.950938,0.582432,0.241016,4.325,1.0,1.0,0.0,0.0,0.0,0.1,0.0,0.05,0.0,fixed,,,1
seed,graph-transformer,23,nominal+high_force+edge_shift+catch_heavy+no_catch,high_force,1.0,none,0.0,none,,,0.000000;0.000000;0.000000,1024,1029,40,0.45,0.45,0.102023,1.078082,0.911285,0.553413,0.379935,4.325,1.0,1.0,0.0,0.0,0.0,0.1,0.0,0.05,0.0,fixed,,,1
seed,graph-transformer,23,nominal+high_force+edge_shift+catch_heavy+no_catch,edge_shift,1.0,none,0.0,none,,,0.000000;0.000000;0.000000,1024,1029,40,0.725,0.475,0.169033,1.030909,0.904448,0.530047,0.241623,4.325,1.0,1.0,0.0,0.0,0.0,0.1,0.0,0.05,0.0,fixed,,,1
seed,graph-transformer,23,nominal+high_force+edge_shift+catch_heavy+no_catch,catch_heavy,1.0,none,0.0,none,,,0.000000;0.000000;0.000000,1024,1029,40,0.375,0.725,0.139229,0.319088,1.023879,0.638901,0.365062,4.775,1.0,1.0,0.0,0.0,0.0,0.1,0.0,0.05,0.0,fixed,,,1
seed,graph-transformer,23,nominal+high_force+edge_shift+catch_heavy+no_catch,no_catch,1.0,none,0.0,none,,,0.000000;0.000000;0.000000,1024,1029,40,0.725,0.7,0.187578,0.387526,0.914799,0.551834,0.304038,4.025,1.0,1.0,0.0,0.0,0.0,0.1,0.0,0.05,0.0,fixed,,,1
seed,graph-transformer,23,nominal+high_force+edge_shift+catch_heavy+no_catch,edge_high_force,1.0,none,0.0,none,,,0.000000;0.000000;0.000000,1024,1029,40,0.625,0.625,0.102759,1.830732,0.909602,0.513615,0.334736,4.325,1.0,1.0,0.0,0.0,0.0,0.1,0.0,0.05,0.0,fixed,,,1
seed,graph-transformer,23,nominal+high_force+edge_shift+catch_heavy+no_catch,edge_catch_heavy,1.0,none,0.0,none,,,0.000000;0.000000;0.000000,1024,1029,40,0.45,0.5,0.139503,0.62064,1.103081,0.665194,0.248412,4.775,1.0,1.0,0.0,0.0,0.0,0.1,0.0,0.05,0.0,fixed,,,1
seed,serialized-token,11,nominal+high_force+edge_shift+catch_heavy+no_catch,nominal,1.0,none,0.0,none,,,0.000000;0.000000;0.000000,1024,1029,40,0.425,0.475,0.035708,0.077573,1.107095,0.668215,0.196544,4.35,1.0,1.0,0.0,0.0,0.0,0.1,0.0,0.05,0.0,fixed,,,1
seed,serialized-token,11,nominal+high_force+edge_shift+catch_heavy+no_catch,high_force,1.0,none,0.0,none,,,0.000000;0.000000;0.000000,1024,1029,40,0.475,0.425,0.03619,0.572771,1.026818,0.619059,0.044949,4.35,1.0,1.0,0.0,0.0,0.0,0.1,0.0,0.05,0.0,fixed,,,1
seed,serialized-token,11,nominal+high_force+edge_shift+catch_heavy+no_catch,edge_shift,1.0,none,0.0,none,,,0.000000;0.000000;0.000000,1024,1029,40,0.45,0.55,0.036075,0.441299,1.242336,0.739856,0.176887,4.35,1.0,1.0,0.0,0.0,0.0,0.1,0.0,0.05,0.0,fixed,,,1
seed,serialized-token,11,nominal+high_force+edge_shift+catch_heavy+no_catch,catch_heavy,1.0,none,0.0,none,,,0.000000;0.000000;0.000000,1024,1029,40,0.7,0.8,0.03569,0.046072,0.877837,0.521646,0.265259,4.825,1.0,1.0,0.0,0.0,0.0,0.1,0.0,0.05,0.0,fixed,,,1
seed,serialized-token,11,nominal+high_force+edge_shift+catch_heavy+no_catch,no_catch,1.0,none,0.0,none,,,0.000000;0.000000;0.000000,1024,1029,40,0.325,0.675,0.035812,0.179767,1.222519,0.738214,0.146744,4.025,1.0,1.0,0.0,0.0,0.0,0.1,0.0,0.05,0.0,fixed,,,1
seed,serialized-token,11,nominal+high_force+edge_shift+catch_heavy+no_catch,edge_high_force,1.0,none,0.0,none,,,0.000000;0.000000;0.000000,1024,1029,40,0.6,0.6,0.03696,1.351441,1.0895,0.644356,0.169949,4.35,1.0,1.0,0.0,0.0,0.0,0.1,0.0,0.05,0.0,fixed,,,1
seed,serialized-token,11,nominal+high_force+edge_shift+catch_heavy+no_catch,edge_catch_heavy,1.0,none,0.0,none,,,0.000000;0.000000;0.000000,1024,1029,40,0.35,0.575,0.035829,0.175823,1.345049,0.790414,0.104729,4.825,1.0,1.0,0.0,0.0,0.0,0.1,0.0,0.05,0.0,fixed,,,1
seed,serialized-token,13,nominal+high_force+edge_shift+catch_heavy+no_catch,nominal,1.0,none,0.0,none,,,0.000000;0.000000;0.000000,1024,1029,40,0.85,0.45,0.036015,0.098242,0.888719,0.527625,0.483633,4.4,1.0,1.0,0.0,0.0,0.0,0.1,0.0,0.05,0.0,fixed,,,1
seed,serialized-token,13,nominal+high_force+edge_shift+catch_heavy+no_catch,high_force,1.0,none,0.0,none,,,0.000000;0.000000;0.000000,1024,1029,40,0.575,0.375,0.036382,0.47186,0.973098,0.581294,0.226463,4.4,1.0,1.0,0.0,0.0,0.0,0.1,0.0,0.05,0.0,fixed,,,1
seed,serialized-token,13,nominal+high_force+edge_shift+catch_heavy+no_catch,edge_shift,1.0,none,0.0,none,,,0.000000;0.000000;0.000000,1024,1029,40,0.45,0.6,0.036303,0.393833,0.988255,0.604196,0.18363,4.4,1.0,1.0,0.0,0.0,0.0,0.1,0.0,0.05,0.0,fixed,,,1
seed,serialized-token,13,nominal+high_force+edge_shift+catch_heavy+no_catch,catch_heavy,1.0,none,0.0,none,,,0.000000;0.000000;0.000000,1024,1029,40,0.9,0.8,0.036008,0.069983,0.856559,0.503112,0.493825,4.825,1.0,1.0,0.0,0.0,0.0,0.1,0.0,0.05,0.0,fixed,,,1
seed,serialized-token,13,nominal+high_force+edge_shift+catch_heavy+no_catch,no_catch,1.0,none,0.0,none,,,0.000000;0.000000;0.000000,1024,1029,40,0.725,0.7,0.036101,0.19163,0.952056,0.57316,0.32182,4.025,1.0,1.0,0.0,0.0,0.0,0.1,0.0,0.05,0.0,fixed,,,1
seed,serialized-token,13,nominal+high_force+edge_shift+catch_heavy+no_catch,edge_high_force,1.0,none,0.0,none,,,0.000000;0.000000;0.000000,1024,1029,40,0.125,0.55,0.037039,1.147633,1.102435,0.68009,0.289419,4.4,1.0,1.0,0.0,0.0,0.0,0.1,0.0,0.05,0.0,fixed,,,1
seed,serialized-token,13,nominal+high_force+edge_shift+catch_heavy+no_catch,edge_catch_heavy,1.0,none,0.0,none,,,0.000000;0.000000;0.000000,1024,1029,40,0.35,0.6,0.03612,0.185665,1.01453,0.622794,0.083695,4.825,1.0,1.0,0.0,0.0,0.0,0.1,0.0,0.05,0.0,fixed,,,1
seed,serialized-token,17,nominal+high_force+edge_shift+catch_heavy+no_catch,nominal,1.0,none,0.0,none,,,0.000000;0.000000;0.000000,1024,1029,40,0.5,0.45,0.082759,0.084373,0.998757,0.611429,0.046677,4.35,1.0,1.0,0.0,0.0,0.0,0.1,0.0,0.05,0.0,fixed,,,1
seed,serialized-token,17,nominal+high_force+edge_shift+catch_heavy+no_catch,high_force,1.0,none,0.0,none,,,0.000000;0.000000;0.000000,1024,1029,40,0.5,0.4,0.083355,0.689701,0.978449,0.580075,0.095975,4.35,1.0,1.0,0.0,0.0,0.0,0.1,0.0,0.05,0.0,fixed,,,1
seed,serialized-token,17,nominal+high_force+edge_shift+catch_heavy+no_catch,edge_shift,1.0,none,0.0,none,,,0.000000;0.000000;0.000000,1024,1029,40,0.475,0.525,0.083312,0.64206,1.07105,0.633196,0.228324,4.35,1.0,1.0,0.0,0.0,0.0,0.1,0.0,0.05,0.0,fixed,,,1
seed,serialized-token,17,nominal+high_force+edge_shift+catch_heavy+no_catch,catch_heavy,1.0,none,0.0,none,,,0.000000;0.000000;0.000000,1024,1029,40,0.75,0.75,0.082723,0.049392,0.924234,0.555599,0.308076,4.8,1.0,1.0,0.0,0.0,0.0,0.1,0.0,0.05,0.0,fixed,,,1
seed,serialized-token,17,nominal+high_force+edge_shift+catch_heavy+no_catch,no_catch,1.0,none,0.0,none,,,0.000000;0.000000;0.000000,1024,1029,40,0.325,0.675,0.082895,0.195955,1.085162,0.666056,0.184358,4.025,1.0,1.0,0.0,0.0,0.0,0.1,0.0,0.05,0.0,fixed,,,1
seed,serialized-token,17,nominal+high_force+edge_shift+catch_heavy+no_catch,edge_high_force,1.0,none,0.0,none,,,0.000000;0.000000;0.000000,1024,1029,40,0.625,0.6,0.084159,1.504843,1.022264,0.569188,0.370971,4.35,1.0,1.0,0.0,0.0,0.0,0.1,0.0,0.05,0.0,fixed,,,1
seed,serialized-token,17,nominal+high_force+edge_shift+catch_heavy+no_catch,edge_catch_heavy,1.0,none,0.0,none,,,0.000000;0.000000;0.000000,1024,1029,40,0.35,0.575,0.082945,0.265647,1.264297,0.748509,0.181344,4.8,1.0,1.0,0.0,0.0,0.0,0.1,0.0,0.05,0.0,fixed,,,1
seed,serialized-token,19,nominal+high_force+edge_shift+catch_heavy+no_catch,nominal,1.0,none,0.0,none,,,0.000000;0.000000;0.000000,1024,1029,40,0.55,0.45,0.057987,0.120311,0.983682,0.610921,0.237238,4.35,1.0,1.0,0.0,0.0,0.0,0.1,0.0,0.05,0.0,fixed,,,1
seed,serialized-token,19,nominal+high_force+edge_shift+catch_heavy+no_catch,high_force,1.0,none,0.0,none,,,0.000000;0.000000;0.000000,1024,1029,40,0.725,0.425,0.058587,0.7442,0.870267,0.515995,0.205524,4.35,1.0,1.0,0.0,0.0,0.0,0.1,0.0,0.05,0.0,fixed,,,1
seed,serialized-token,19,nominal+high_force+edge_shift+catch_heavy+no_catch,edge_shift,1.0,none,0.0,none,,,0.000000;0.000000;0.000000,1024,1029,40,0.5,0.5,0.058518,0.667278,0.98914,0.603363,0.048209,4.35,1.0,1.0,0.0,0.0,0.0,0.1,0.0,0.05,0.0,fixed,,,1
seed,serialized-token,19,nominal+high_force+edge_shift+catch_heavy+no_catch,catch_heavy,1.0,none,0.0,none,,,0.000000;0.000000;0.000000,1024,1029,40,0.85,0.75,0.058005,0.089868,0.794093,0.45384,0.339725,4.8,1.0,1.0,0.0,0.0,0.0,0.1,0.0,0.05,0.0,fixed,,,1
seed,serialized-token,19,nominal+high_force+edge_shift+catch_heavy+no_catch,no_catch,1.0,none,0.0,none,,,0.000000;0.000000;0.000000,1024,1029,40,0.325,0.675,0.058068,0.221549,1.115973,0.719524,0.279637,4.025,1.0,1.0,0.0,0.0,0.0,0.1,0.0,0.05,0.0,fixed,,,1
seed,serialized-token,19,nominal+high_force+edge_shift+catch_heavy+no_catch,edge_high_force,1.0,none,0.0,none,,,0.000000;0.000000;0.000000,1024,1029,40,0.675,0.6,0.059227,1.403727,0.855343,0.491323,0.318057,4.35,1.0,1.0,0.0,0.0,0.0,0.1,0.0,0.05,0.0,fixed,,,1
seed,serialized-token,19,nominal+high_force+edge_shift+catch_heavy+no_catch,edge_catch_heavy,1.0,none,0.0,none,,,0.000000;0.000000;0.000000,1024,1029,40,0.425,0.525,0.058217,0.309707,1.078604,0.656389,0.085267,4.8,1.0,1.0,0.0,0.0,0.0,0.1,0.0,0.05,0.0,fixed,,,1
seed,serialized-token,23,nominal+high_force+edge_shift+catch_heavy+no_catch,nominal,1.0,none,0.0,none,,,0.000000;0.000000;0.000000,1024,1029,40,0.425,0.45,0.054211,0.071221,1.133923,0.682478,0.02101,4.325,1.0,1.0,0.0,0.0,0.0,0.1,0.0,0.05,0.0,fixed,,,1
seed,serialized-token,23,nominal+high_force+edge_shift+catch_heavy+no_catch,high_force,1.0,none,0.0,none,,,0.000000;0.000000;0.000000,1024,1029,40,0.45,0.45,0.054896,0.772129,1.005122,0.596616,0.207278,4.325,1.0,1.0,0.0,0.0,0.0,0.1,0.0,0.05,0.0,fixed,,,1
seed,serialized-token,23,nominal+high_force+edge_shift+catch_heavy+no_catch,edge_shift,1.0,none,0.0,none,,,0.000000;0.000000;0.000000,1024,1029,40,0.475,0.475,0.05482,0.690193,1.060632,0.634197,0.27101,4.325,1.0,1.0,0.0,0.0,0.0,0.1,0.0,0.05,0.0,fixed,,,1
seed,serialized-token,23,nominal+high_force+edge_shift+catch_heavy+no_catch,catch_heavy,1.0,none,0.0,none,,,0.000000;0.000000;0.000000,1024,1029,40,0.55,0.725,0.054181,0.039624,1.021915,0.613502,0.152784,4.775,1.0,1.0,0.0,0.0,0.0,0.1,0.0,0.05,0.0,fixed,,,1
seed,serialized-token,23,nominal+high_force+edge_shift+catch_heavy+no_catch,no_catch,1.0,none,0.0,none,,,0.000000;0.000000;0.000000,1024,1029,40,0.3,0.7,0.054277,0.122157,1.226128,0.739126,0.129376,4.025,1.0,1.0,0.0,0.0,0.0,0.1,0.0,0.05,0.0,fixed,,,1
seed,serialized-token,23,nominal+high_force+edge_shift+catch_heavy+no_catch,edge_high_force,1.0,none,0.0,none,,,0.000000;0.000000;0.000000,1024,1029,40,0.625,0.625,0.055569,1.456795,0.950393,0.556034,0.222661,4.325,1.0,1.0,0.0,0.0,0.0,0.1,0.0,0.05,0.0,fixed,,,1
seed,serialized-token,23,nominal+high_force+edge_shift+catch_heavy+no_catch,edge_catch_heavy,1.0,none,0.0,none,,,0.000000;0.000000;0.000000,1024,1029,40,0.35,0.5,0.05445,0.308868,1.096644,0.662665,0.113786,4.775,1.0,1.0,0.0,0.0,0.0,0.1,0.0,0.05,0.0,fixed,,,1
summary,graph-transformer,all,nominal+high_force+edge_shift+catch_heavy+no_catch,catch_heavy,1.0,none,0.0,none,,,,1024,1029,40,0.67,0.765,0.161538,0.203625,0.779995,0.458337,0.288821,4.805,1.0,1.0,0.0,0.0,0.0,0.1,0.0,0.05,0.0,fixed,,,5
summary,graph-transformer,all,nominal+high_force+edge_shift+catch_heavy+no_catch,edge_catch_heavy,1.0,none,0.0,none,,,,1024,1029,40,0.42,0.555,0.161724,0.396762,1.151068,0.72195,0.234729,4.805,1.0,1.0,0.0,0.0,0.0,0.1,0.0,0.05,0.0,fixed,,,5
summary,graph-transformer,all,nominal+high_force+edge_shift+catch_heavy+no_catch,edge_high_force,1.0,none,0.0,none,,,,1024,1029,40,0.555,0.595,0.124872,1.543086,0.900379,0.528965,0.225759,4.355,1.0,1.0,0.0,0.0,0.0,0.1,0.0,0.05,0.0,fixed,,,5
summary,graph-transformer,all,nominal+high_force+edge_shift+catch_heavy+no_catch,edge_shift,1.0,none,0.0,none,,,,1024,1029,40,0.555,0.53,0.147014,0.721121,0.966409,0.596293,0.2254,4.355,1.0,1.0,0.0,0.0,0.0,0.1,0.0,0.05,0.0,fixed,,,5
summary,graph-transformer,all,nominal+high_force+edge_shift+catch_heavy+no_catch,high_force,1.0,none,0.0,none,,,,1024,1029,40,0.63,0.415,0.124145,0.802805,0.835038,0.500948,0.236713,4.355,1.0,1.0,0.0,0.0,0.0,0.1,0.0,0.05,0.0,fixed,,,5
summary,graph-transformer,all,nominal+high_force+edge_shift+catch_heavy+no_catch,no_catch,1.0,none,0.0,none,,,,1024,1029,40,0.575,0.685,0.13395,0.328797,0.944774,0.593641,0.326047,4.025,1.0,1.0,0.0,0.0,0.0,0.1,0.0,0.05,0.0,fixed,,,5
summary,graph-transformer,all,nominal+high_force+edge_shift+catch_heavy+no_catch,nominal,1.0,none,0.0,none,,,,1024,1029,40,0.635,0.455,0.14654,0.234077,0.866769,0.530274,0.3071,4.355,1.0,1.0,0.0,0.0,0.0,0.1,0.0,0.05,0.0,fixed,,,5
summary,serialized-token,all,nominal+high_force+edge_shift+catch_heavy+no_catch,catch_heavy,1.0,none,0.0,none,,,,1024,1029,40,0.75,0.765,0.053321,0.058988,0.894928,0.52954,0.311934,4.805,1.0,1.0,0.0,0.0,0.0,0.1,0.0,0.05,0.0,fixed,,,5
summary,serialized-token,all,nominal+high_force+edge_shift+catch_heavy+no_catch,edge_catch_heavy,1.0,none,0.0,none,,,,1024,1029,40,0.365,0.555,0.053512,0.249142,1.159825,0.696154,0.113764,4.805,1.0,1.0,0.0,0.0,0.0,0.1,0.0,0.05,0.0,fixed,,,5
summary,serialized-token,all,nominal+high_force+edge_shift+catch_heavy+no_catch,edge_high_force,1.0,none,0.0,none,,,,1024,1029,40,0.53,0.595,0.054591,1.372888,1.003987,0.588198,0.274211,4.355,1.0,1.0,0.0,0.0,0.0,0.1,0.0,0.05,0.0,fixed,,,5
summary,serialized-token,all,nominal+high_force+edge_shift+catch_heavy+no_catch,edge_shift,1.0,none,0.0,none,,,,1024,1029,40,0.47,0.53,0.053806,0.566933,1.070283,0.642962,0.181612,4.355,1.0,1.0,0.0,0.0,0.0,0.1,0.0,0.05,0.0,fixed,,,5
summary,serialized-token,all,nominal+high_force+edge_shift+catch_heavy+no_catch,high_force,1.0,none,0.0,none,,,,1024,1029,40,0.545,0.415,0.053882,0.650132,0.970751,0.578608,0.156038,4.355,1.0,1.0,0.0,0.0,0.0,0.1,0.0,0.05,0.0,fixed,,,5
summary,serialized-token,all,nominal+high_force+edge_shift+catch_heavy+no_catch,no_catch,1.0,none,0.0,none,,,,1024,1029,40,0.4,0.685,0.053431,0.182212,1.120368,0.687216,0.212387,4.025,1.0,1.0,0.0,0.0,0.0,0.1,0.0,0.05,0.0,fixed,,,5
summary,serialized-token,all,nominal+high_force+edge_shift+catch_heavy+no_catch,nominal,1.0,none,0.0,none,,,,1024,1029,40,0.55,0.455,0.053336,0.090344,1.022435,0.620134,0.19702,4.355,1.0,1.0,0.0,0.0,0.0,0.1,0.0,0.05,0.0,fixed,,,5
summary,wpu-cws-indexed-mechanism-relation,all,nominal+high_force+edge_shift+catch_heavy+no_catch,catch_heavy,1.0,none,0.0,none,,,,1024,1029,40,0.89,0.765,0.154307,0.444609,0.660239,0.370291,0.329681,4.805,1.0,0.0,0.0,0.0,0.0,0.1,0.0,0.05,0.0,fixed,,,5
summary,wpu-cws-indexed-mechanism-relation,all,nominal+high_force+edge_shift+catch_heavy+no_catch,edge_catch_heavy,1.0,none,0.0,none,,,,1024,1029,40,0.435,0.555,0.17614,0.573373,1.045389,0.653558,0.209356,4.805,1.0,0.0,0.0,0.0,0.0,0.1,0.0,0.05,0.0,fixed,,,5
summary,wpu-cws-indexed-mechanism-relation,all,nominal+high_force+edge_shift+catch_heavy+no_catch,edge_high_force,1.0,none,0.0,none,,,,1024,1029,40,0.665,0.595,0.386984,1.483443,0.808905,0.463288,0.249462,4.355,1.0,0.0,0.0,0.0,0.0,0.1,0.0,0.05,0.0,fixed,,,5
summary,wpu-cws-indexed-mechanism-relation,all,nominal+high_force+edge_shift+catch_heavy+no_catch,edge_shift,1.0,none,0.0,none,,,,1024,1029,40,0.595,0.53,0.224579,0.772733,0.880406,0.535961,0.227598,4.355,1.0,0.0,0.0,0.0,0.0,0.1,0.0,0.05,0.0,fixed,,,5
summary,wpu-cws-indexed-mechanism-relation,all,nominal+high_force+edge_shift+catch_heavy+no_catch,high_force,1.0,none,0.0,none,,,,1024,1029,40,0.725,0.415,0.242618,0.82268,0.805886,0.472551,0.261529,4.355,1.0,0.0,0.0,0.0,0.0,0.1,0.0,0.05,0.0,fixed,,,5
summary,wpu-cws-indexed-mechanism-relation,all,nominal+high_force+edge_shift+catch_heavy+no_catch,no_catch,1.0,none,0.0,none,,,,1024,1029,40,0.49,0.685,0.154421,0.393421,0.952102,0.598381,0.256456,4.025,1.0,0.0,0.0,0.0,0.0,0.1,0.0,0.05,0.0,fixed,,,5
summary,wpu-cws-indexed-mechanism-relation,all,nominal+high_force+edge_shift+catch_heavy+no_catch,nominal,1.0,none,0.0,none,,,,1024,1029,40,0.675,0.455,0.135462,0.367155,0.823206,0.497376,0.267255,4.355,1.0,0.0,0.0,0.0,0.0,0.1,0.0,0.05,0.0,fixed,,,5
